currency;trading_date;settlement_date;minimum;maximum;last
USD;01/03/2011;01/05/2011;1.6437;1.6640;1.6501
USD;01/04/2011;01/06/2011;1.6510;1.6712;1.6616
USD;01/05/2011;01/07/2011;1.6605;1.6763;1.6760
USD;01/06/2011;01/10/2011;1.6730;1.6940;1.6873
USD;01/07/2011;01/11/2011;1.6775;1.6920;1.6830
USD;01/10/2011;01/12/2011;1.6850;1.6960;1.6868
USD;01/11/2011;01/13/2011;1.6849;1.6930;1.6859
USD;01/12/2011;01/14/2011;1.6720;1.6835;1.6740
USD;01/13/2011;01/18/2011;1.6660;1.6780;1.6702
USD;01/14/2011;01/19/2011;1.6805;1.6910;1.6845
USD;01/17/2011;01/19/2011;1.6785;1.6850;1.6815
USD;01/18/2011;01/20/2011;1.6710;1.6770;1.6762
USD;01/19/2011;01/21/2011;1.6660;1.6735;1.6715
USD;01/20/2011;01/24/2011;1.6658;1.6780;1.6725
USD;01/21/2011;01/25/2011;1.6670;1.6764;1.6702
USD;01/24/2011;01/26/2011;1.6680;1.6770;1.6715
USD;01/25/2011;01/27/2011;1.6680;1.6775;1.6740
USD;01/26/2011;01/28/2011;1.6670;1.6710;1.6688
USD;01/27/2011;01/31/2011;1.6628;1.6792;1.6787
USD;01/28/2011;02/01/2011;1.6730;1.6870;1.6776
USD;01/31/2011;02/02/2011;1.6700;1.6790;1.6739
USD;02/01/2011;02/03/2011;1.6590;1.6680;1.6660
USD;02/02/2011;02/04/2011;1.6625;1.6705;1.6666
USD;02/03/2011;02/07/2011;1.6655;1.6735;1.6696
USD;02/04/2011;02/08/2011;1.6654;1.6780;1.6735
USD;02/07/2011;02/09/2011;1.6720;1.6800;1.6784
USD;02/08/2011;02/10/2011;1.6625;1.6785;1.6660
USD;02/09/2011;02/11/2011;1.6580;1.6710;1.6600
USD;02/10/2011;02/14/2011;1.6632;1.6712;1.6682
USD;02/11/2011;02/15/2011;1.6630;1.6760;1.6650
USD;02/14/2011;02/16/2011;1.6650;1.6701;1.6676
USD;02/15/2011;02/17/2011;1.6635;1.6715;1.6687
USD;02/16/2011;02/18/2011;1.6660;1.6750;1.6700
USD;02/17/2011;02/22/2011;1.6590;1.6720;1.6617
USD;02/18/2011;02/23/2011;1.6611;1.6700;1.6633
USD;02/21/2011;02/23/2011;1.6625;1.6690;1.6670
USD;02/22/2011;02/24/2011;1.6640;1.6727;1.6727
USD;02/23/2011;02/25/2011;1.6660;1.6765;1.6745
USD;02/24/2011;02/28/2011;1.6605;1.6725;1.6650
USD;02/25/2011;03/01/2011;1.6570;1.6650;1.6622
USD;02/28/2011;03/02/2011;1.6558;1.6664;1.6664
USD;03/01/2011;03/03/2011;1.6592;1.6650;1.6638
USD;03/02/2011;03/04/2011;1.6560;1.6649;1.6595
USD;03/03/2011;03/09/2011;1.6480;1.6590;1.6516
USD;03/04/2011;03/10/2011;1.6425;1.6510;1.6441
USD;03/09/2011;03/11/2011;1.6535;1.6572;1.6564
USD;03/10/2011;03/14/2011;1.6570;1.6625;1.6598
USD;03/11/2011;03/15/2011;1.6600;1.6700;1.6644
USD;03/14/2011;03/16/2011;1.6598;1.6680;1.6599
USD;03/15/2011;03/17/2011;1.6640;1.6790;1.6698
USD;03/16/2011;03/18/2011;1.6600;1.6772;1.6748
USD;03/17/2011;03/21/2011;1.6650;1.6930;1.6797
USD;03/18/2011;03/22/2011;1.6670;1.6765;1.6722
USD;03/21/2011;03/23/2011;1.6619;1.6675;1.6654
USD;03/22/2011;03/24/2011;1.6610;1.6660;1.6637
USD;03/23/2011;03/25/2011;1.6570;1.6650;1.6597
USD;03/24/2011;03/28/2011;1.6550;1.6630;1.6594
USD;03/25/2011;03/29/2011;1.6550;1.6620;1.6583
USD;03/28/2011;03/30/2011;1.6575;1.6650;1.6616
USD;03/29/2011;03/31/2011;1.6490;1.6635;1.6495
USD;03/30/2011;04/01/2011;1.6272;1.6518;1.6360
USD;03/31/2011;04/04/2011;1.6220;1.6325;1.6305
USD;04/01/2011;04/05/2011;1.6107;1.6310;1.6118
USD;04/04/2011;04/06/2011;1.6049;1.6200;1.6087
USD;04/05/2011;04/07/2011;1.6050;1.6134;1.6094
USD;04/06/2011;04/08/2011;1.6010;1.6170;1.6140
USD;04/07/2011;04/11/2011;1.5836;1.6010;1.5851
USD;04/08/2011;04/12/2011;1.5700;1.5785;1.5745
USD;04/11/2011;04/13/2011;1.5720;1.5845;1.5835
USD;04/12/2011;04/14/2011;1.5757;1.5930;1.5930
USD;04/13/2011;04/15/2011;1.5798;1.5975;1.5865
USD;04/14/2011;04/18/2011;1.5779;1.5920;1.5784
USD;04/15/2011;04/19/2011;1.5700;1.5820;1.5772
USD;04/18/2011;04/20/2011;1.5850;1.6000;1.5895
USD;04/19/2011;04/25/2011;1.5740;1.5860;1.5740
USD;04/20/2011;04/26/2011;1.5630;1.5820;1.5702
USD;04/25/2011;04/27/2011;1.5620;1.5778;1.5710
USD;04/26/2011;04/28/2011;1.5610;1.5690;1.5630
USD;04/27/2011;04/29/2011;1.5580;1.5735;1.5723
USD;04/28/2011;05/02/2011;1.5743;1.5970;1.5791
USD;04/29/2011;05/03/2011;1.5655;1.5800;1.5737
USD;05/02/2011;05/04/2011;1.5700;1.5795;1.5795
USD;05/03/2011;05/05/2011;1.5815;1.5970;1.5852
USD;05/04/2011;05/06/2011;1.5810;1.6167;1.6004
USD;05/05/2011;05/09/2011;1.6110;1.6273;1.6265
USD;05/06/2011;05/10/2011;1.6005;1.6200;1.6192
USD;05/09/2011;05/11/2011;1.6130;1.6300;1.6173
USD;05/10/2011;05/12/2011;1.6020;1.6130;1.6072
USD;05/11/2011;05/13/2011;1.6060;1.6250;1.6177
USD;05/12/2011;05/16/2011;1.6152;1.6300;1.6193
USD;05/13/2011;05/17/2011;1.6130;1.6450;1.6323
USD;05/16/2011;05/18/2011;1.6250;1.6390;1.6316
USD;05/17/2011;05/19/2011;1.6183;1.6395;1.6194
USD;05/18/2011;05/20/2011;1.6089;1.6225;1.6162
USD;05/19/2011;05/23/2011;1.6069;1.6205;1.6138
USD;05/20/2011;05/24/2011;1.6100;1.6236;1.6205
USD;05/23/2011;05/25/2011;1.6280;1.6400;1.6311
USD;05/24/2011;05/26/2011;1.6219;1.6294;1.6220
USD;05/25/2011;05/27/2011;1.6260;1.6340;1.6280
USD;05/26/2011;05/31/2011;1.6143;1.6270;1.6169
USD;05/27/2011;06/01/2011;1.5955;1.6110;1.5975
USD;05/30/2011;06/01/2011;1.5866;1.5980;1.5911
USD;05/31/2011;06/02/2011;1.5765;1.5860;1.5807
USD;06/01/2011;06/03/2011;1.5780;1.5945;1.5923
USD;06/02/2011;06/06/2011;1.5740;1.5882;1.5754
USD;06/03/2011;06/07/2011;1.5705;1.5850;1.5723
USD;06/06/2011;06/08/2011;1.5760;1.5850;1.5830
USD;06/07/2011;06/09/2011;1.5730;1.5790;1.5764
USD;06/08/2011;06/10/2011;1.5780;1.5880;1.5820
USD;06/09/2011;06/13/2011;1.5800;1.5910;1.5880
USD;06/10/2011;06/14/2011;1.5844;1.6010;1.5934
USD;06/13/2011;06/15/2011;1.5855;1.5945;1.5891
USD;06/14/2011;06/16/2011;1.5790;1.5875;1.5831
USD;06/15/2011;06/17/2011;1.5885;1.6050;1.5976
USD;06/16/2011;06/20/2011;1.6040;1.6161;1.6090
USD;06/17/2011;06/21/2011;1.5940;1.6100;1.5961
USD;06/20/2011;06/22/2011;1.5920;1.6080;1.5940
USD;06/21/2011;06/24/2011;1.5855;1.5960;1.5882
USD;06/22/2011;06/27/2011;1.5845;1.5905;1.5898
USD;06/24/2011;06/28/2011;1.5910;1.6045;1.6039
USD;06/27/2011;06/29/2011;1.5930;1.6036;1.5957
USD;06/28/2011;06/30/2011;1.5765;1.5950;1.5772
USD;06/29/2011;07/01/2011;1.5676;1.5780;1.5720
USD;06/30/2011;07/05/2011;1.5570;1.5650;1.5600
USD;07/01/2011;07/06/2011;1.5530;1.5650;1.5565
USD;07/04/2011;07/06/2011;1.5527;1.5610;1.5578
USD;07/05/2011;07/07/2011;1.5580;1.5670;1.5628
USD;07/06/2011;07/08/2011;1.5625;1.5730;1.5689
USD;07/07/2011;07/11/2011;1.5525;1.5700;1.5570
USD;07/08/2011;07/12/2011;1.5560;1.5680;1.5635
USD;07/11/2011;07/13/2011;1.5760;1.5845;1.5795
USD;07/12/2011;07/14/2011;1.5730;1.5850;1.5750
USD;07/13/2011;07/15/2011;1.5690;1.5830;1.5745
USD;07/14/2011;07/18/2011;1.5680;1.5795;1.5781
USD;07/15/2011;07/19/2011;1.5710;1.5761;1.5745
USD;07/18/2011;07/20/2011;1.5769;1.5845;1.5815
USD;07/19/2011;07/21/2011;1.5640;1.5730;1.5658
USD;07/20/2011;07/22/2011;1.5570;1.5690;1.5651
USD;07/21/2011;07/25/2011;1.5515;1.5620;1.5550
USD;07/22/2011;07/26/2011;1.5485;1.5600;1.5549
USD;07/25/2011;07/27/2011;1.5360;1.5530;1.5428
USD;07/26/2011;07/28/2011;1.5297;1.5395;1.5343
USD;07/27/2011;07/29/2011;1.5525;1.5760;1.5570
USD;07/28/2011;08/01/2011;1.5610;1.5710;1.5685
USD;07/29/2011;08/02/2011;1.5500;1.5730;1.5500
USD;08/01/2011;08/03/2011;1.5465;1.5638;1.5632
USD;08/02/2011;08/04/2011;1.5625;1.5750;1.5659
USD;08/03/2011;08/05/2011;1.5587;1.5700;1.5621
USD;08/04/2011;08/08/2011;1.5695;1.5856;1.5856
USD;08/05/2011;08/09/2011;1.5760;1.6020;1.5840
USD;08/08/2011;08/10/2011;1.5910;1.6130;1.6125
USD;08/09/2011;08/11/2011;1.5942;1.6595;1.5952
USD;08/10/2011;08/12/2011;1.6010;1.6315;1.6184
USD;08/11/2011;08/15/2011;1.6161;1.6440;1.6210
USD;08/12/2011;08/16/2011;1.6070;1.6200;1.6120
USD;08/15/2011;08/17/2011;1.5875;1.6070;1.5902
USD;08/16/2011;08/18/2011;1.5860;1.6035;1.5903
USD;08/17/2011;08/19/2011;1.5796;1.5860;1.5850
USD;08/18/2011;08/22/2011;1.5950;1.6120;1.6040
USD;08/19/2011;08/23/2011;1.5910;1.6014;1.6003
USD;08/22/2011;08/24/2011;1.5910;1.6075;1.6043
USD;08/23/2011;08/25/2011;1.5970;1.6080;1.5995
USD;08/24/2011;08/26/2011;1.5986;1.6130;1.6093
USD;08/25/2011;08/29/2011;1.6037;1.6190;1.6108
USD;08/26/2011;08/30/2011;1.6020;1.6170;1.6042
USD;08/29/2011;08/31/2011;1.5911;1.6010;1.5925
USD;08/30/2011;09/01/2011;1.5825;1.5960;1.5858
USD;08/31/2011;09/02/2011;1.5824;1.5970;1.5900
USD;09/01/2011;09/06/2011;1.5980;1.6147;1.6140
USD;09/02/2011;09/08/2011;1.6240;1.6470;1.6335
USD;09/05/2011;09/08/2011;1.6460;1.6600;1.6485
USD;09/06/2011;09/09/2011;1.6525;1.6680;1.6596
USD;09/08/2011;09/12/2011;1.6515;1.6620;1.6558
USD;09/09/2011;09/13/2011;1.6665;1.6850;1.6765
USD;09/12/2011;09/14/2011;1.6785;1.7290;1.7133
USD;09/13/2011;09/15/2011;1.7010;1.7220;1.7010
USD;09/14/2011;09/16/2011;1.7100;1.7380;1.7150
USD;09/15/2011;09/19/2011;1.6990;1.7210;1.7102
USD;09/16/2011;09/20/2011;1.7080;1.7325;1.7287
USD;09/19/2011;09/21/2011;1.7500;1.8000;1.7779
USD;09/20/2011;09/22/2011;1.7586;1.7990;1.7925
USD;09/21/2011;09/23/2011;1.8010;1.8580;1.8190
USD;09/22/2011;09/26/2011;1.8440;1.9480;1.9020
USD;09/23/2011;09/27/2011;1.8375;1.9230;1.8386
USD;09/26/2011;09/28/2011;1.8260;1.8642;1.8477
USD;09/27/2011;09/29/2011;1.7950;1.8150;1.8046
USD;09/28/2011;09/30/2011;1.8010;1.8325;1.8313
USD;09/29/2011;10/03/2011;1.8255;1.8570;1.8475
USD;09/30/2011;10/04/2011;1.8490;1.8891;1.8801
USD;10/03/2011;10/05/2011;1.8715;1.9145;1.8775
USD;10/04/2011;10/06/2011;1.8678;1.8982;1.8798
USD;10/05/2011;10/07/2011;1.8239;1.8580;1.8348
USD;10/06/2011;10/11/2011;1.7810;1.8360;1.7876
USD;10/07/2011;10/13/2011;1.7560;1.7845;1.7630
USD;10/10/2011;10/13/2011;1.7403;1.7689;1.7665
USD;10/11/2011;10/14/2011;1.7525;1.7830;1.7590
USD;10/13/2011;10/17/2011;1.7400;1.7670;1.7508
USD;10/14/2011;10/18/2011;1.7270;1.7435;1.7298
USD;10/17/2011;10/19/2011;1.7400;1.7674;1.7556
USD;10/18/2011;10/20/2011;1.7565;1.7840;1.7618
USD;10/19/2011;10/21/2011;1.7450;1.7770;1.7725
USD;10/20/2011;10/24/2011;1.7645;1.8076;1.7860
USD;10/21/2011;10/25/2011;1.7673;1.7905;1.7788
USD;10/24/2011;10/26/2011;1.7500;1.7850;1.7720
USD;10/25/2011;10/27/2011;1.7382;1.7681;1.7665
USD;10/26/2011;10/28/2011;1.7464;1.7720;1.7600
USD;10/27/2011;10/31/2011;1.7010;1.7408;1.7085
USD;10/28/2011;11/01/2011;1.6770;1.7110;1.6830
USD;10/31/2011;11/03/2011;1.6765;1.7017;1.7017
USD;11/01/2011;11/04/2011;1.7287;1.7595;1.7315
USD;11/03/2011;11/07/2011;1.7156;1.7440;1.7390
USD;11/04/2011;11/08/2011;1.7275;1.7590;1.7405
USD;11/07/2011;11/09/2011;1.7440;1.7630;1.7494
USD;11/08/2011;11/10/2011;1.7380;1.7520;1.7380
USD;11/09/2011;11/14/2011;1.7460;1.7725;1.7710
USD;11/10/2011;11/16/2011;1.7550;1.7713;1.7618
USD;11/11/2011;11/16/2011;1.7425;1.7610;1.7434
USD;11/14/2011;11/17/2011;1.7550;1.7710;1.7650
USD;11/16/2011;11/18/2011;1.7680;1.7860;1.7722
USD;11/17/2011;11/21/2011;1.7660;1.7880;1.7783
USD;11/18/2011;11/22/2011;1.7668;1.7850;1.7723
USD;11/21/2011;11/23/2011;1.8005;1.8182;1.8067
USD;11/22/2011;11/25/2011;1.7990;1.8258;1.8044
USD;11/23/2011;11/28/2011;1.8300;1.8734;1.8612
USD;11/24/2011;11/28/2011;1.8530;1.8999;1.8960
USD;11/25/2011;11/29/2011;1.8777;1.9130;1.8868
USD;11/28/2011;11/30/2011;1.8500;1.8707;1.8516
USD;11/29/2011;12/01/2011;1.8390;1.8531;1.8476
USD;11/30/2011;12/02/2011;1.7959;1.8330;1.8090
USD;12/01/2011;12/05/2011;1.7830;1.8090;1.8019
USD;12/02/2011;12/06/2011;1.7780;1.8020;1.7915
USD;12/05/2011;12/07/2011;1.7790;1.7891;1.7891
USD;12/06/2011;12/08/2011;1.7807;1.7985;1.7972
USD;12/07/2011;12/09/2011;1.7875;1.8030;1.7915
USD;12/08/2011;12/12/2011;1.7840;1.8201;1.8165
USD;12/09/2011;12/13/2011;1.8040;1.8185;1.8054
USD;12/12/2011;12/14/2011;1.8150;1.8442;1.8434
USD;12/13/2011;12/15/2011;1.8354;1.8599;1.8400
USD;12/14/2011;12/16/2011;1.8659;1.8840;1.8735
USD;12/15/2011;12/19/2011;1.8510;1.8750;1.8603
USD;12/16/2011;12/20/2011;1.8410;1.8640;1.8564
USD;12/19/2011;12/21/2011;1.8580;1.8706;1.8680
USD;12/20/2011;12/22/2011;1.8390;1.8612;1.8464
USD;12/21/2011;12/23/2011;1.8440;1.8610;1.8580
USD;12/22/2011;12/27/2011;1.8490;1.8640;1.8521
USD;12/23/2011;12/28/2011;1.8480;1.8625;1.8580
USD;12/26/2011;12/28/2011;1.8510;1.8610;1.8600
USD;12/27/2011;12/29/2011;1.8550;1.8620;1.8613
USD;12/28/2011;12/29/2011;1.8560;1.8880;1.8740
USD;12/29/2011;01/03/2012;1.8645;1.8835;1.8693
USD;12/30/2011;01/04/2012;-;-;-
USD;01/02/2012;01/04/2012;1.8590;1.8745;1.8715
USD;01/03/2012;01/05/2012;1.8303;1.8550;1.8320
USD;01/04/2012;01/06/2012;1.8190;1.8360;1.8290
USD;01/05/2012;01/09/2012;1.8300;1.8490;1.8407
USD;01/06/2012;01/10/2012;1.8380;1.8542;1.8522
USD;01/09/2012;01/11/2012;1.8373;1.8570;1.8373
USD;01/10/2012;01/12/2012;1.7965;1.8210;1.8015
USD;01/11/2012;01/13/2012;1.7979;1.8111;1.7979
USD;01/12/2012;01/17/2012;1.7765;1.7970;1.7843
USD;01/13/2012;01/18/2012;1.7710;1.8065;1.7905
USD;01/16/2012;01/18/2012;1.7809;1.7880;1.7880
USD;01/17/2012;01/19/2012;1.7670;1.7796;1.7796
USD;01/18/2012;01/20/2012;1.7633;1.7840;1.7643
USD;01/19/2012;01/23/2012;1.7596;1.7731;1.7628
USD;01/20/2012;01/24/2012;1.7567;1.7740;1.7595
USD;01/23/2012;01/25/2012;1.7490;1.7578;1.7551
USD;01/24/2012;01/26/2012;1.7538;1.7690;1.7553
USD;01/25/2012;01/27/2012;1.7435;1.7680;1.7435
USD;01/26/2012;01/30/2012;1.7330;1.7467;1.7452
USD;01/27/2012;01/31/2012;1.7385;1.7480;1.7385
USD;01/30/2012;02/01/2012;1.7460;1.7550;1.7469
USD;01/31/2012;02/02/2012;1.7347;1.7539;1.7460
USD;02/01/2012;02/03/2012;1.7285;1.7430;1.7337
USD;02/02/2012;02/06/2012;1.7180;1.7380;1.7203
USD;02/03/2012;02/07/2012;1.7130;1.7340;1.7170
USD;02/06/2012;02/08/2012;1.7130;1.7440;1.7260
USD;02/07/2012;02/09/2012;1.7180;1.7330;1.7239
USD;02/08/2012;02/10/2012;1.7145;1.7260;1.7164
USD;02/09/2012;02/13/2012;1.7168;1.7270;1.7184
USD;02/10/2012;02/14/2012;1.7230;1.7310;1.7240
USD;02/13/2012;02/15/2012;1.7125;1.7215;1.7140
USD;02/14/2012;02/16/2012;1.7125;1.7206;1.7206
USD;02/15/2012;02/17/2012;1.7120;1.7240;1.7234
USD;02/16/2012;02/22/2012;1.7188;1.7380;1.7189
USD;02/17/2012;02/23/2012;1.7120;1.7170;1.7131
USD;02/22/2012;02/24/2012;1.7035;1.7160;1.7051
USD;02/23/2012;02/27/2012;1.6970;1.7131;1.7121
USD;02/24/2012;02/28/2012;1.7013;1.7120;1.7070
USD;02/27/2012;02/29/2012;1.7045;1.7155;1.7076
USD;02/28/2012;03/01/2012;1.6980;1.7051;1.7005
USD;02/29/2012;03/02/2012;1.6906;1.7230;1.7191
USD;03/01/2012;03/05/2012;1.7100;1.7270;1.7124
USD;03/02/2012;03/06/2012;1.7190;1.7336;1.7330
USD;03/05/2012;03/07/2012;1.7263;1.7370;1.7344
USD;03/06/2012;03/08/2012;1.7460;1.7617;1.7601
USD;03/07/2012;03/09/2012;1.7580;1.7732;1.7666
USD;03/08/2012;03/12/2012;1.7555;1.7794;1.7610
USD;03/09/2012;03/13/2012;1.7660;1.7870;1.7826
USD;03/12/2012;03/14/2012;1.8030;1.8310;1.8058
USD;03/13/2012;03/15/2012;1.7934;1.8259;1.8000
USD;03/14/2012;03/16/2012;1.7995;1.8240;1.8100
USD;03/15/2012;03/19/2012;1.7870;1.8100;1.8028
USD;03/16/2012;03/20/2012;1.7975;1.8060;1.8030
USD;03/19/2012;03/21/2012;1.8040;1.8110;1.8086
USD;03/20/2012;03/22/2012;1.8170;1.8360;1.8192
USD;03/21/2012;03/23/2012;1.8168;1.8291;1.8177
USD;03/22/2012;03/26/2012;1.8193;1.8320;1.8227
USD;03/23/2012;03/27/2012;1.8100;1.8250;1.8191
USD;03/26/2012;03/28/2012;1.8080;1.8182;1.8154
USD;03/27/2012;03/29/2012;1.8097;1.8220;1.8128
USD;03/28/2012;03/30/2012;1.8165;1.8278;1.8267
USD;03/29/2012;04/02/2012;1.8240;1.8372;1.8251
USD;03/30/2012;04/03/2012;1.8175;1.8305;1.8248
USD;04/02/2012;04/04/2012;1.8250;1.8380;1.8304
USD;04/03/2012;04/05/2012;1.8208;1.8330;1.8305
USD;04/04/2012;04/09/2012;1.8265;1.8340;1.8340
USD;04/05/2012;04/10/2012;1.8248;1.8330;1.8325
USD;04/09/2012;04/11/2012;1.8180;1.8300;1.8185
USD;04/10/2012;04/12/2012;1.8188;1.8368;1.8328
USD;04/11/2012;04/13/2012;1.8250;1.8370;1.8356
USD;04/12/2012;04/16/2012;1.8225;1.8325;1.8285
USD;04/13/2012;04/17/2012;1.8300;1.8430;1.8389
USD;04/16/2012;04/18/2012;1.8325;1.8420;1.8415
USD;04/17/2012;04/19/2012;1.8395;1.8550;1.8516
USD;04/18/2012;04/20/2012;1.8595;1.8850;1.8768
USD;04/19/2012;04/23/2012;1.8810;1.8931;1.8829
USD;04/20/2012;04/24/2012;1.8638;1.8880;1.8797
USD;04/23/2012;04/25/2012;1.8798;1.8910;1.8815
USD;04/24/2012;04/26/2012;1.8740;1.8828;1.8817
USD;04/25/2012;04/27/2012;1.8758;1.8880;1.8823
USD;04/26/2012;04/30/2012;1.8830;1.8910;1.8848
USD;04/27/2012;05/02/2012;1.8810;1.8880;1.8875
USD;04/30/2012;05/03/2012;1.8850;1.9063;1.8985
USD;05/02/2012;05/04/2012;1.9070;1.9300;1.9216
USD;05/03/2012;05/07/2012;1.9113;1.9350;1.9123
USD;05/04/2012;05/08/2012;1.9080;1.9280;1.9209
USD;05/07/2012;05/09/2012;1.8270;1.9350;1.9207
USD;05/08/2012;05/10/2012;1.9289;1.9415;1.9376
USD;05/09/2012;05/11/2012;1.9480;1.9650;1.9594
USD;05/10/2012;05/14/2012;1.9440;1.9680;1.9466
USD;05/11/2012;05/15/2012;1.9400;1.9640;1.9525
USD;05/14/2012;05/16/2012;1.9770;2.0013;1.9862
USD;05/15/2012;05/17/2012;1.9815;2.0026;1.9980
USD;05/16/2012;05/18/2012;1.9880;2.0074;2.0005
USD;05/17/2012;05/21/2012;1.9900;2.0067;1.9980
USD;05/18/2012;05/22/2012;1.9952;2.0540;2.0184
USD;05/21/2012;05/23/2012;2.0250;2.0488;2.0418
USD;05/22/2012;05/24/2012;2.0414;2.0825;2.0580
USD;05/23/2012;05/25/2012;2.0401;2.1014;2.0401
USD;05/24/2012;05/29/2012;2.0295;2.0520;2.0296
USD;05/25/2012;05/30/2012;1.9918;2.0295;1.9980
USD;05/28/2012;05/30/2012;1.9733;1.9827;1.9827
USD;05/29/2012;05/31/2012;1.9815;1.9980;1.9863
USD;05/30/2012;06/01/2012;2.0010;2.0180;2.0132
USD;05/31/2012;06/04/2012;2.0092;2.0281;2.0167
USD;06/01/2012;06/05/2012;2.0250;2.0490;2.0430
USD;06/04/2012;06/06/2012;2.0330;2.0547;2.0500
USD;06/05/2012;06/08/2012;2.0169;2.0530;2.0169
USD;06/06/2012;06/11/2012;2.0135;2.0328;2.0288
USD;06/08/2012;06/12/2012;2.0223;2.0422;2.0241
USD;06/11/2012;06/13/2012;2.0190;2.0550;2.0495
USD;06/12/2012;06/14/2012;2.0500;2.0710;2.0644
USD;06/13/2012;06/15/2012;2.0532;2.0730;2.0709
USD;06/14/2012;06/18/2012;2.0504;2.0745;2.0543
USD;06/15/2012;06/19/2012;2.0360;2.0580;2.0438
USD;06/18/2012;06/20/2012;2.0500;2.0675;2.0576
USD;06/19/2012;06/21/2012;2.0268;2.0533;2.0275
USD;06/20/2012;06/22/2012;2.0225;2.0375;2.0316
USD;06/21/2012;06/25/2012;2.0247;2.0565;2.0522
USD;06/22/2012;06/26/2012;2.0470;2.0660;2.0632
USD;06/25/2012;06/27/2012;2.0651;2.0780;2.0663
USD;06/26/2012;06/28/2012;2.0650;2.0765;2.0705
USD;06/27/2012;06/29/2012;2.0705;2.0965;2.0808
USD;06/28/2012;07/02/2012;2.0733;2.0960;2.0833
USD;06/29/2012;07/03/2012;2.0061;2.0486;2.0075
USD;07/02/2012;07/05/2012;1.9850;2.0135;1.9893
USD;07/03/2012;07/06/2012;1.9799;2.0164;2.0138
USD;07/04/2012;07/06/2012;2.0103;2.0350;2.0300
USD;07/05/2012;07/09/2012;2.0120;2.0360;2.0268
USD;07/06/2012;07/10/2012;2.0218;2.0420;2.0296
USD;07/09/2012;07/11/2012;2.0250;2.0350;2.0310
USD;07/10/2012;07/12/2012;2.0275;2.0400;2.0397
USD;07/11/2012;07/13/2012;2.0250;2.0405;2.0379
USD;07/12/2012;07/16/2012;2.0378;2.0521;2.0393
USD;07/13/2012;07/17/2012;2.0300;2.0410;2.0367
USD;07/16/2012;07/18/2012;2.0330;2.0431;2.0355
USD;07/17/2012;07/19/2012;2.0230;2.0391;2.0264
USD;07/18/2012;07/20/2012;2.0196;2.0291;2.0237
USD;07/19/2012;07/23/2012;2.0145;2.0270;2.0149
USD;07/20/2012;07/24/2012;2.0179;2.0270;2.0232
USD;07/23/2012;07/25/2012;2.0369;2.0445;2.0408
USD;07/24/2012;07/26/2012;2.0365;2.0500;2.0461
USD;07/25/2012;07/27/2012;2.0330;2.0440;2.0357
USD;07/26/2012;07/30/2012;2.0205;2.0274;2.0215
USD;07/27/2012;07/31/2012;2.0130;2.0280;2.0239
USD;07/30/2012;08/01/2012;2.0240;2.0396;2.0377
USD;07/31/2012;08/02/2012;2.0430;2.0550;2.0449
USD;08/01/2012;08/03/2012;2.0375;2.0541;2.0426
USD;08/02/2012;08/06/2012;2.0351;2.0535;2.0489
USD;08/03/2012;08/07/2012;2.0240;2.0440;2.0278
USD;08/06/2012;08/08/2012;2.0230;2.0320;2.0268
USD;08/07/2012;08/09/2012;2.0240;2.0305;2.0278
USD;08/08/2012;08/10/2012;2.0190;2.0350;2.0234
USD;08/09/2012;08/13/2012;2.0155;2.0270;2.0190
USD;08/10/2012;08/14/2012;2.0124;2.0202;2.0129
USD;08/13/2012;08/15/2012;2.0200;2.0300;2.0221
USD;08/14/2012;08/16/2012;2.0210;2.0287;2.0273
USD;08/15/2012;08/17/2012;2.0195;2.0280;2.0223
USD;08/16/2012;08/20/2012;2.0170;2.0245;2.0191
USD;08/17/2012;08/21/2012;2.0125;2.0230;2.0150
USD;08/20/2012;08/22/2012;2.0163;2.0230;2.0174
USD;08/21/2012;08/23/2012;2.0069;2.0230;2.0170
USD;08/22/2012;08/24/2012;2.0170;2.0230;2.0175
USD;08/23/2012;08/27/2012;2.0180;2.0265;2.0255
USD;08/24/2012;08/28/2012;2.0195;2.0330;2.0234
USD;08/27/2012;08/29/2012;2.0240;2.0320;2.0318
USD;08/28/2012;08/30/2012;2.0364;2.0520;2.0400
USD;08/29/2012;08/31/2012;2.0469;2.0540;2.0475
USD;08/30/2012;09/04/2012;2.0430;2.0560;2.0455
USD;08/31/2012;09/05/2012;2.0250;2.0478;2.0306
USD;09/03/2012;09/05/2012;2.0280;2.0350;2.0317
USD;09/04/2012;09/06/2012;2.0299;2.0434;2.0402
USD;09/05/2012;09/10/2012;2.0330;2.0440;2.0385
USD;09/06/2012;09/11/2012;2.0280;2.0422;2.0305
USD;09/10/2012;09/12/2012;2.0200;2.0270;2.0250
USD;09/11/2012;09/13/2012;2.0150;2.0270;2.0182
USD;09/12/2012;09/14/2012;2.0160;2.0287;2.0266
USD;09/13/2012;09/17/2012;2.0175;2.0277;2.0202
USD;09/14/2012;09/18/2012;2.0070;2.0191;2.0117
USD;09/17/2012;09/19/2012;2.0180;2.0331;2.0295
USD;09/18/2012;09/20/2012;2.0210;2.0325;2.0210
USD;09/19/2012;09/21/2012;2.0205;2.0254;2.0252
USD;09/20/2012;09/24/2012;2.0205;2.0310;2.0225
USD;09/21/2012;09/25/2012;2.0215;2.0270;2.0241
USD;09/24/2012;09/26/2012;2.0220;2.0300;2.0258
USD;09/25/2012;09/27/2012;2.0232;2.0309;2.0309
USD;09/26/2012;09/28/2012;2.0300;2.0365;2.0342
USD;09/27/2012;10/01/2012;2.0290;2.0325;2.0306
USD;09/28/2012;10/02/2012;2.0255;2.0350;2.0280
USD;10/01/2012;10/03/2012;2.0220;2.0315;2.0254
USD;10/02/2012;10/04/2012;2.0235;2.0280;2.0259
USD;10/03/2012;10/05/2012;2.0200;2.0295;2.0240
USD;10/04/2012;10/09/2012;2.0174;2.0230;2.0183
USD;10/05/2012;10/10/2012;2.0150;2.0310;2.0301
USD;10/08/2012;10/10/2012;2.0265;2.0330;2.0281
USD;10/09/2012;10/11/2012;2.0270;2.0380;2.0347
USD;10/10/2012;10/15/2012;2.0305;2.0410;2.0401
USD;10/11/2012;10/16/2012;2.0320;2.0406;2.0386
USD;10/15/2012;10/17/2012;2.0320;2.0410;2.0330
USD;10/16/2012;10/18/2012;2.0320;2.0370;2.0341
USD;10/17/2012;10/19/2012;2.0290;2.0345;2.0320
USD;10/18/2012;10/22/2012;2.0255;2.0310;2.0282
USD;10/19/2012;10/23/2012;2.0258;2.0295;2.0276
USD;10/22/2012;10/24/2012;2.0215;2.0280;2.0245
USD;10/23/2012;10/25/2012;2.0240;2.0300;2.0267
USD;10/24/2012;10/26/2012;2.0220;2.0300;2.0270
USD;10/25/2012;10/29/2012;2.0230;2.0270;2.0262
USD;10/26/2012;10/30/2012;2.0225;2.0285;2.0266
USD;10/29/2012;10/31/2012;2.0270;2.0322;2.0321
USD;10/30/2012;11/01/2012;2.0285;2.0330;2.0313
USD;10/31/2012;11/05/2012;2.0270;2.0340;2.0298
USD;11/01/2012;11/06/2012;2.0290;2.0320;2.0315
USD;11/05/2012;11/07/2012;2.0310;2.0360;2.0339
USD;11/06/2012;11/08/2012;2.0310;2.0360;2.0312
USD;11/07/2012;11/09/2012;2.0305;2.0365;2.0329
USD;11/08/2012;11/13/2012;2.0330;2.0420;2.0395
USD;11/09/2012;11/14/2012;2.0400;2.0625;2.0466
USD;11/12/2012;11/14/2012;2.0430;2.0548;2.0508
USD;11/13/2012;11/16/2012;2.0554;2.0740;2.0701
USD;11/14/2012;11/19/2012;2.0590;2.0694;2.0663
USD;11/16/2012;11/20/2012;2.0680;2.0827;2.0806
USD;11/19/2012;11/21/2012;2.0700;2.0803;2.0770
USD;11/20/2012;11/23/2012;2.0780;2.0850;2.0825
USD;11/21/2012;11/26/2012;2.0885;2.0995;2.0946
USD;11/22/2012;11/26/2012;2.0870;2.0984;2.0912
USD;11/23/2012;11/27/2012;2.0820;2.1162;2.0836
USD;11/26/2012;11/28/2012;2.0745;2.0860;2.0819
USD;11/27/2012;11/29/2012;2.0710;2.0834;2.0787
USD;11/28/2012;11/30/2012;2.0830;2.0940;2.0880
USD;11/29/2012;12/03/2012;2.0914;2.1093;2.0975
USD;11/30/2012;12/04/2012;2.0115;2.1320;2.1310
USD;12/03/2012;12/05/2012;2.0980;2.1230;2.1179
USD;12/04/2012;12/06/2012;2.1015;2.1196;2.1144
USD;12/05/2012;12/07/2012;2.0970;2.1090;2.0973
USD;12/06/2012;12/10/2012;2.0757;2.0876;2.0777
USD;12/07/2012;12/11/2012;2.0750;2.0894;2.0894
USD;12/10/2012;12/12/2012;2.0750;2.0830;2.0781
USD;12/11/2012;12/13/2012;2.0715;2.0816;2.0765
USD;12/12/2012;12/14/2012;2.0722;2.0825;2.0744
USD;12/13/2012;12/17/2012;2.0720;2.0830;2.0817
USD;12/14/2012;12/18/2012;2.0786;2.0883;2.0835
USD;12/17/2012;12/19/2012;2.0850;2.0962;2.0950
USD;12/18/2012;12/20/2012;2.0855;2.1010;2.0876
USD;12/19/2012;12/21/2012;2.0665;2.0815;2.0694
USD;12/20/2012;12/21/2012;2.0550;2.0704;2.0622
USD;12/21/2012;12/26/2012;2.0625;2.0795;2.0748
USD;12/24/2012;12/27/2012;2.0710;2.0790;2.0760
USD;12/26/2012;12/28/2012;2.0433;2.0774;2.0543
USD;12/27/2012;12/28/2012;2.0410;2.0550;2.0422
USD;12/28/2012;01/02/2013;2.0400;2.0461;2.0433
USD;01/02/2013;01/04/2013;2.0350;2.0461;2.0461
USD;01/03/2013;01/07/2013;2.0340;2.0490;2.0353
USD;01/04/2013;01/08/2013;2.0320;2.0488;2.0355
USD;01/07/2013;01/09/2013;2.0245;2.0365;2.0250
USD;01/08/2013;01/10/2013;2.0220;2.0415;2.0392
USD;01/09/2013;01/11/2013;2.0355;2.0454;2.0375
USD;01/10/2013;01/14/2013;2.0270;2.0380;2.0308
USD;01/11/2013;01/15/2013;2.0310;2.0382;2.0350
USD;01/14/2013;01/16/2013;2.0280;2.0370;2.0322
USD;01/15/2013;01/17/2013;2.0320;2.0400;2.0345
USD;01/16/2013;01/18/2013;2.0355;2.0445;2.0426
USD;01/17/2013;01/22/2013;2.0380;2.0447;2.0407
USD;01/18/2013;01/23/2013;2.0420;2.0475;2.0442
USD;01/21/2013;01/23/2013;2.0385;2.0452;2.0417
USD;01/22/2013;01/24/2013;2.0400;2.0503;2.0430
USD;01/23/2013;01/25/2013;2.0365;2.0425;2.0372
USD;01/24/2013;01/28/2013;2.0290;2.0371;2.0308
USD;01/25/2013;01/29/2013;2.0240;2.0340;2.0280
USD;01/28/2013;01/30/2013;1.9995;2.0365;2.0011
USD;01/29/2013;01/31/2013;1.9840;1.9970;1.9852
USD;01/30/2013;02/01/2013;1.9824;1.9950;1.9880
USD;01/31/2013;02/04/2013;1.9832;1.9924;1.9892
USD;02/01/2013;02/05/2013;1.9797;1.9907;1.9867
USD;02/04/2013;02/06/2013;1.9860;1.9954;1.9954
USD;02/05/2013;02/07/2013;1.9827;1.9930;1.9856
USD;02/06/2013;02/08/2013;1.9845;1.9910;1.9883
USD;02/07/2013;02/13/2013;1.9654;1.9885;1.9716
USD;02/08/2013;02/14/2013;1.9530;1.9779;1.9729
USD;02/13/2013;02/15/2013;1.9640;1.9680;1.9644
USD;02/14/2013;02/19/2013;1.9572;1.9690;1.9572
USD;02/15/2013;02/20/2013;1.9517;1.9666;1.9653
USD;02/18/2013;02/20/2013;1.9607;1.9696;1.9624
USD;02/19/2013;02/21/2013;1.9535;1.9650;1.9549
USD;02/20/2013;02/22/2013;1.9530;1.9660;1.9660
USD;02/21/2013;02/25/2013;1.9640;1.9770;1.9737
USD;02/22/2013;02/26/2013;1.9630;1.9740;1.9713
USD;02/25/2013;02/27/2013;1.9638;1.9775;1.9765
USD;02/26/2013;02/28/2013;1.9770;1.9909;1.9840
USD;02/27/2013;03/01/2013;1.9710;1.9833;1.9748
USD;02/28/2013;03/04/2013;1.9683;1.9783;1.9772
USD;03/01/2013;03/05/2013;1.9775;1.9870;1.9816
USD;03/04/2013;03/06/2013;1.9735;1.9850;1.9735
USD;03/05/2013;03/07/2013;1.9635;1.9710;1.9660
USD;03/06/2013;03/08/2013;1.9642;1.9700;1.9665
USD;03/07/2013;03/11/2013;1.9590;1.9685;1.9600
USD;03/08/2013;03/12/2013;1.9460;1.9580;1.9480
USD;03/11/2013;03/13/2013;1.9439;1.9613;1.9560
USD;03/12/2013;03/14/2013;1.9545;1.9653;1.9653
USD;03/13/2013;03/15/2013;1.9600;1.9765;1.9721
USD;03/14/2013;03/18/2013;1.9650;1.9755;1.9755
USD;03/15/2013;03/19/2013;1.9658;1.9830;1.9827
USD;03/18/2013;03/20/2013;1.9815;1.9895;1.9890
USD;03/19/2013;03/21/2013;1.9780;1.9875;1.9865
USD;03/20/2013;03/22/2013;1.9785;1.9915;1.9911
USD;03/21/2013;03/25/2013;1.9900;2.0104;2.0093
USD;03/22/2013;03/26/2013;2.0057;2.0189;2.0097
USD;03/25/2013;03/27/2013;2.0080;2.0166;2.0111
USD;03/26/2013;03/28/2013;2.0010;2.0161;2.0135
USD;03/27/2013;04/01/2013;2.0050;2.0270;2.0073
USD;03/28/2013;04/02/2013;2.0042;2.0212;2.0122
USD;04/01/2013;04/03/2013;2.0160;2.0226;2.0180
USD;04/02/2013;04/04/2013;2.0163;2.0236;2.0216
USD;04/03/2013;04/05/2013;2.0192;2.0280;2.0240
USD;04/04/2013;04/08/2013;2.0090;2.0223;2.0161
USD;04/05/2013;04/09/2013;1.9853;2.0165;1.9853
USD;04/08/2013;04/10/2013;1.9800;1.9932;1.9881
USD;04/09/2013;04/11/2013;1.9805;1.9915;1.9840
USD;04/10/2013;04/12/2013;1.9755;1.9866;1.9766
USD;04/11/2013;04/15/2013;1.9680;1.9761;1.9749
USD;04/12/2013;04/16/2013;1.9665;1.9810;1.9665
USD;04/15/2013;04/17/2013;1.9723;1.9971;1.9953
USD;04/16/2013;04/18/2013;1.9831;1.9980;1.9937
USD;04/17/2013;04/19/2013;1.9845;2.0055;1.9995
USD;04/18/2013;04/22/2013;2.0085;2.0215;2.0160
USD;04/19/2013;04/23/2013;2.0015;2.0140;2.0084
USD;04/22/2013;04/24/2013;2.0090;2.0210;2.0190
USD;04/23/2013;04/25/2013;2.0130;2.0287;2.0232
USD;04/24/2013;04/26/2013;2.0110;2.0253;2.0150
USD;04/25/2013;04/29/2013;2.0045;2.0135;2.0045
USD;04/26/2013;04/30/2013;1.9960;2.0020;2.0000
USD;04/29/2013;05/02/2013;1.9940;2.0070;2.0049
USD;04/30/2013;05/03/2013;1.9975;2.0050;2.0002
USD;05/02/2013;05/06/2013;2.0000;2.0150;2.0103
USD;05/03/2013;05/07/2013;2.0057;2.0142;2.0090
USD;05/06/2013;05/08/2013;2.0105;2.0155;2.0123
USD;05/07/2013;05/09/2013;2.0050;2.0150;2.0061
USD;05/08/2013;05/10/2013;1.9990;2.0070;2.0010
USD;05/09/2013;05/13/2013;1.9983;2.0134;2.0073
USD;05/10/2013;05/14/2013;2.0155;2.0285;2.0260
USD;05/13/2013;05/15/2013;2.0078;2.0208;2.0098
USD;05/14/2013;05/16/2013;2.0035;2.0187;2.0181
USD;05/15/2013;05/17/2013;2.0166;2.0325;2.0254
USD;05/16/2013;05/20/2013;2.0225;2.0345;2.0279
USD;05/17/2013;05/21/2013;2.0290;2.0398;2.0375
USD;05/20/2013;05/22/2013;2.0288;2.0389;2.0378
USD;05/21/2013;05/23/2013;2.0338;2.0465;2.0371
USD;05/22/2013;05/24/2013;2.0320;2.0497;2.0488
USD;05/23/2013;05/28/2013;2.0387;2.0560;2.0455
USD;05/24/2013;05/29/2013;2.0450;2.0550;2.0482
USD;05/27/2013;05/29/2013;2.0485;2.0558;2.0540
USD;05/28/2013;05/31/2013;2.0540;2.0740;2.0721
USD;05/29/2013;06/03/2013;2.0732;2.1120;2.1087
USD;05/31/2013;06/04/2013;2.0290;2.1460;2.1443
USD;06/03/2013;06/05/2013;2.1259;2.1405;2.1269
USD;06/04/2013;06/06/2013;2.1095;2.1465;2.1353
USD;06/05/2013;06/07/2013;2.0910;2.1478;2.1311
USD;06/06/2013;06/10/2013;2.1155;2.1315;2.1212
USD;06/07/2013;06/11/2013;2.1258;2.1520;2.1350
USD;06/10/2013;06/12/2013;2.1350;2.1585;2.1462
USD;06/11/2013;06/13/2013;2.1355;2.1650;2.1370
USD;06/12/2013;06/14/2013;2.1305;2.1560;2.1515
USD;06/13/2013;06/17/2013;2.1342;2.1500;2.1400
USD;06/14/2013;06/18/2013;2.1245;2.1480;2.1480
USD;06/17/2013;06/19/2013;2.1490;2.1725;2.1638
USD;06/18/2013;06/20/2013;2.1620;2.1850;2.1771
USD;06/19/2013;06/21/2013;2.1695;2.2220;2.2220
USD;06/20/2013;06/24/2013;2.2250;2.2739;2.2681
USD;06/21/2013;06/25/2013;2.2395;2.2705;2.2690
USD;06/24/2013;06/26/2013;2.2230;2.2650;2.2291
USD;06/25/2013;06/27/2013;2.2060;2.2350;2.2171
USD;06/26/2013;06/28/2013;2.1868;2.2185;2.1913
USD;06/27/2013;07/01/2013;2.1780;2.1946;2.1872
USD;06/28/2013;07/02/2013;2.2009;2.2320;2.2292
USD;07/01/2013;07/03/2013;2.2164;2.2365;2.2311
USD;07/02/2013;07/05/2013;2.2375;2.2531;2.2481
USD;07/03/2013;07/08/2013;2.2560;2.2698;2.2667
USD;07/04/2013;07/08/2013;2.2510;2.2715;2.2582
USD;07/05/2013;07/09/2013;2.2519;2.2705;2.2648
USD;07/08/2013;07/10/2013;2.2495;2.2645;2.2570
USD;07/09/2013;07/11/2013;2.2580;2.2650;2.2630
USD;07/10/2013;07/12/2013;2.2605;2.2790;2.2705
USD;07/11/2013;07/15/2013;2.2515;2.2720;2.2606
USD;07/12/2013;07/16/2013;2.2600;2.2710;2.2670
USD;07/15/2013;07/17/2013;2.2255;2.2700;2.2276
USD;07/16/2013;07/18/2013;2.2121;2.2575;2.2570
USD;07/17/2013;07/19/2013;2.2273;2.2600;2.2311
USD;07/18/2013;07/22/2013;2.2200;2.2483;2.2248
USD;07/19/2013;07/23/2013;2.2276;2.2410;2.2380
USD;07/22/2013;07/24/2013;2.2295;2.2495;2.2321
USD;07/23/2013;07/25/2013;2.2139;2.2360;2.2222
USD;07/24/2013;07/26/2013;2.2138;2.2573;2.2493
USD;07/25/2013;07/29/2013;2.2402;2.2645;2.2437
USD;07/26/2013;07/30/2013;2.2400;2.2567;2.2527
USD;07/29/2013;07/31/2013;2.2535;2.2694;2.2694
USD;07/30/2013;08/01/2013;2.2660;2.2820;2.2780
USD;07/31/2013;08/02/2013;2.2760;2.2990;2.2817
USD;08/01/2013;08/05/2013;2.2710;2.3038;2.3008
USD;08/02/2013;08/06/2013;2.2774;2.3125;2.2810
USD;08/05/2013;08/07/2013;2.2890;2.3050;2.3000
USD;08/06/2013;08/08/2013;2.2900;2.3020;2.2967
USD;08/07/2013;08/09/2013;2.2950;2.3124;2.3093
USD;08/08/2013;08/12/2013;2.2770;2.3050;2.2832
USD;08/09/2013;08/13/2013;2.2665;2.2820;2.2748
USD;08/12/2013;08/14/2013;2.2650;2.2865;2.2859
USD;08/13/2013;08/15/2013;2.2910;2.3140;2.3100
USD;08/14/2013;08/16/2013;2.3067;2.3260;2.3236
USD;08/15/2013;08/19/2013;2.3270;2.3500;2.3390
USD;08/16/2013;08/20/2013;2.2830;2.3934;2.3899
USD;08/19/2013;08/21/2013;2.3935;2.4254;2.4203
USD;08/20/2013;08/22/2013;2.3880;2.4070;2.3970
USD;08/21/2013;08/23/2013;2.4020;2.4510;2.4411
USD;08/22/2013;08/26/2013;2.4210;2.4530;2.4330
USD;08/23/2013;08/27/2013;2.3530;2.4030;2.3570
USD;08/26/2013;08/28/2013;2.3497;2.3939;2.3830
USD;08/27/2013;08/29/2013;2.3670;2.4150;2.3707
USD;08/28/2013;08/30/2013;2.3236;2.3857;2.3376
USD;08/29/2013;09/03/2013;2.3435;2.3803;2.3740
USD;08/30/2013;09/04/2013;2.3500;2.3955;2.3830
USD;09/02/2013;09/04/2013;2.3560;2.3755;2.3722
USD;09/03/2013;09/05/2013;2.3588;2.4030;2.3617
USD;09/04/2013;09/06/2013;2.3475;2.3640;2.3565
USD;09/05/2013;09/09/2013;2.3165;2.3700;2.3223
USD;09/06/2013;09/10/2013;2.2870;2.3170;2.3012
USD;09/09/2013;09/11/2013;2.2740;2.3020;2.2760
USD;09/10/2013;09/12/2013;2.2622;2.2934;2.2859
USD;09/11/2013;09/13/2013;2.2670;2.3070;2.2727
USD;09/12/2013;09/16/2013;2.2699;2.2870;2.2754
USD;09/13/2013;09/17/2013;2.2700;2.2852;2.2817
USD;09/16/2013;09/18/2013;2.2500;2.2820;2.2814
USD;09/17/2013;09/19/2013;2.2530;2.2800;2.2603
USD;09/18/2013;09/20/2013;2.1903;2.2530;2.1973
USD;09/19/2013;09/23/2013;2.1897;2.2158;2.2020
USD;09/20/2013;09/24/2013;2.1950;2.2205;2.2184
USD;09/23/2013;09/25/2013;2.1968;2.2125;2.1985
USD;09/24/2013;09/26/2013;2.1905;2.2120;2.2008
USD;09/25/2013;09/27/2013;2.2028;2.2325;2.2198
USD;09/26/2013;09/30/2013;2.2150;2.2470;2.2422
USD;09/27/2013;10/01/2013;2.2485;2.2627;2.2558
USD;09/30/2013;10/02/2013;2.2138;2.2515;2.2159
USD;10/01/2013;10/03/2013;2.1983;2.2290;2.2258
USD;10/02/2013;10/04/2013;2.1960;2.2210;2.1971
USD;10/03/2013;10/07/2013;2.1995;2.2130;2.2041
USD;10/04/2013;10/08/2013;2.1985;2.2120;2.2120
USD;10/07/2013;10/09/2013;2.2020;2.2190;2.2045
USD;10/08/2013;10/10/2013;2.1980;2.2090;2.2061
USD;10/09/2013;10/11/2013;2.2010;2.2130;2.2050
USD;10/10/2013;10/15/2013;2.1710;2.1980;2.1777
USD;10/11/2013;10/16/2013;2.1770;2.1870;2.1860
USD;10/14/2013;10/16/2013;2.1665;2.1890;2.1745
USD;10/15/2013;10/17/2013;2.1760;2.1879;2.1838
USD;10/16/2013;10/18/2013;2.1550;2.1786;2.1710
USD;10/17/2013;10/21/2013;2.1560;2.1695;2.1594
USD;10/18/2013;10/22/2013;2.1490;2.1800;2.1761
USD;10/21/2013;10/23/2013;2.1695;2.1813;2.1785
USD;10/22/2013;10/24/2013;2.1650;2.1866;2.1695
USD;10/23/2013;10/25/2013;2.1795;2.1892;2.1871
USD;10/24/2013;10/28/2013;2.1935;2.2070;2.2036
USD;10/25/2013;10/29/2013;2.1810;2.1910;2.1882
USD;10/28/2013;10/30/2013;2.1805;2.1884;2.1856
USD;10/29/2013;10/31/2013;2.1756;2.1855;2.1805
USD;10/30/2013;11/01/2013;2.1815;2.1950;2.1910
USD;10/31/2013;11/04/2013;2.1930;2.2375;2.2330
USD;11/01/2013;11/05/2013;2.2375;2.2600;2.2549
USD;11/04/2013;11/06/2013;2.2388;2.2480;2.2388
USD;11/05/2013;11/07/2013;2.2501;2.2915;2.2915
USD;11/06/2013;11/08/2013;2.2670;2.2965;2.2780
USD;11/07/2013;11/12/2013;2.2716;2.3100;2.3066
USD;11/08/2013;11/13/2013;2.2963;2.3432;2.3141
USD;11/11/2013;11/13/2013;2.3060;2.3411;2.3351
USD;11/12/2013;11/14/2013;2.3250;2.3470;2.3339
USD;11/13/2013;11/18/2013;2.3212;2.3379;2.3328
USD;11/14/2013;11/19/2013;2.3154;2.3355;2.3185
USD;11/18/2013;11/20/2013;2.2659;2.2880;2.2678
USD;11/19/2013;11/21/2013;2.2527;2.2762;2.2636
USD;11/20/2013;11/22/2013;2.2680;2.2800;2.2760
USD;11/21/2013;11/25/2013;2.2901;2.3130;2.3047
USD;11/22/2013;11/26/2013;2.2800;2.3150;2.2920
USD;11/25/2013;11/27/2013;2.2800;2.2945;2.2840
USD;11/26/2013;11/29/2013;2.2905;2.3080;2.2960
USD;11/27/2013;12/02/2013;2.2945;2.3205;2.3189
USD;11/28/2013;12/02/2013;2.3173;2.3400;2.3197
USD;11/29/2013;12/03/2013;2.3133;2.3368;2.3340
USD;12/02/2013;12/04/2013;2.3329;2.3570;2.3506
USD;12/03/2013;12/05/2013;2.3500;2.3770;2.3744
USD;12/04/2013;12/06/2013;2.3640;2.3915;2.3827
USD;12/05/2013;12/09/2013;2.3554;2.3920;2.3630
USD;12/06/2013;12/10/2013;2.3250;2.3750;2.3304
USD;12/09/2013;12/11/2013;2.3175;2.3291;2.3193
USD;12/10/2013;12/12/2013;2.3050;2.3175;2.3072
USD;12/11/2013;12/13/2013;2.3130;2.3419;2.3376
USD;12/12/2013;12/16/2013;2.3270;2.3486;2.3440
USD;12/13/2013;12/17/2013;2.3290;2.3407;2.3351
USD;12/16/2013;12/18/2013;2.3138;2.3350;2.3270
USD;12/17/2013;12/19/2013;2.3130;2.3285;2.3201
USD;12/18/2013;12/20/2013;2.3195;2.3490;2.3490
USD;12/19/2013;12/23/2013;2.3430;2.3584;2.3489
USD;12/20/2013;12/23/2013;2.3561;2.3850;2.3815
USD;12/23/2013;12/26/2013;2.3588;2.3800;2.3638
USD;12/24/2013;12/27/2013;2.3470;2.3580;2.3560
USD;12/26/2013;12/30/2013;2.3455;2.3640;2.3566
USD;12/27/2013;12/30/2013;2.3395;2.3576;2.3404
USD;12/30/2013;01/02/2014;2.3280;2.3625;2.3540
USD;01/02/2014;01/06/2014;2.3869;2.4070;2.3869
USD;01/03/2014;01/07/2014;2.3696;2.3880;2.3772
USD;01/06/2014;01/08/2014;2.3720;2.3846;2.3764
USD;01/07/2014;01/09/2014;2.3588;2.3752;2.3725
USD;01/08/2014;01/10/2014;2.3680;2.3902;2.3892
USD;01/09/2014;01/13/2014;2.3900;2.4030;2.3940
USD;01/10/2014;01/14/2014;2.3635;2.3960;2.3646
USD;01/13/2014;01/15/2014;2.3415;2.3610;2.3520
USD;01/14/2014;01/16/2014;2.3510;2.3672;2.3554
USD;01/15/2014;01/17/2014;2.3422;2.3582;2.3542
USD;01/16/2014;01/21/2014;2.3555;2.3768;2.3660
USD;01/17/2014;01/22/2014;2.3486;2.3660;2.3486
USD;01/20/2014;01/22/2014;2.3280;2.3400;2.3399
USD;01/21/2014;01/23/2014;2.3510;2.3675;2.3636
USD;01/22/2014;01/24/2014;2.3545;2.3746;2.3697
USD;01/23/2014;01/27/2014;2.3704;2.4024;2.3984
USD;01/24/2014;01/28/2014;2.3969;2.4300;2.3977
USD;01/27/2014;01/29/2014;2.3920;2.4220;2.4195
USD;01/28/2014;01/30/2014;2.4052;2.4288;2.4288
USD;01/29/2014;01/31/2014;2.4341;2.4500;2.4356
USD;01/30/2014;02/03/2014;2.4100;2.4359;2.4147
USD;01/31/2014;02/04/2014;2.4060;2.4371;2.4150
USD;02/03/2014;02/05/2014;2.4010;2.4360;2.4338
USD;02/04/2014;02/06/2014;2.4071;2.4360;2.4111
USD;02/05/2014;02/07/2014;2.3940;2.4180;2.4001
USD;02/06/2014;02/10/2014;2.3800;2.4110;2.3821
USD;02/07/2014;02/11/2014;2.3700;2.3930;2.3804
USD;02/10/2014;02/12/2014;2.3850;2.4067;2.4067
USD;02/11/2014;02/13/2014;2.4005;2.4160;2.4014
USD;02/12/2014;02/14/2014;2.3990;2.4235;2.4212
USD;02/13/2014;02/18/2014;2.4020;2.4331;2.4131
USD;02/14/2014;02/19/2014;2.3823;2.3993;2.3843
USD;02/17/2014;02/19/2014;2.3814;2.3920;2.3858
USD;02/18/2014;02/20/2014;2.3500;2.4000;2.3942
USD;02/19/2014;02/21/2014;2.3850;2.4120;2.3908
USD;02/20/2014;02/24/2014;2.3645;2.3930;2.3731
USD;02/21/2014;02/25/2014;2.3500;2.3773;2.3542
USD;02/24/2014;02/26/2014;2.3300;2.3530;2.3423
USD;02/25/2014;02/27/2014;2.3300;2.3450;2.3429
USD;02/26/2014;02/28/2014;2.3358;2.3570;2.3527
USD;02/27/2014;03/05/2014;2.3185;2.3550;2.3238
USD;02/28/2014;03/06/2014;2.3175;2.3417;2.3415
USD;03/05/2014;03/07/2014;2.3167;2.3380;2.3167
USD;03/06/2014;03/10/2014;2.3022;2.3220;2.3215
USD;03/07/2014;03/11/2014;2.3210;2.3540;2.3475
USD;03/10/2014;03/12/2014;2.3310;2.3550;2.3523
USD;03/11/2014;03/13/2014;2.3419;2.3680;2.3623
USD;03/12/2014;03/14/2014;2.3565;2.3725;2.3595
USD;03/13/2014;03/17/2014;2.3396;2.3665;2.3646
USD;03/14/2014;03/18/2014;2.3497;2.3750;2.3535
USD;03/17/2014;03/19/2014;2.3460;2.3553;2.3497
USD;03/18/2014;03/20/2014;2.3360;2.3590;2.3403
USD;03/19/2014;03/21/2014;2.3260;2.3530;2.3505
USD;03/20/2014;03/24/2014;2.3230;2.3554;2.3264
USD;03/21/2014;03/25/2014;2.3186;2.3320;2.3259
USD;03/24/2014;03/26/2014;2.3178;2.3330;2.3218
USD;03/25/2014;03/27/2014;2.3010;2.3330;2.3072
USD;03/26/2014;03/28/2014;2.3010;2.3200;2.3096
USD;03/27/2014;03/31/2014;2.2590;2.3810;2.2680
USD;03/28/2014;04/01/2014;2.2527;2.2700;2.2626
USD;03/31/2014;04/02/2014;2.2525;2.2750;2.2689
USD;04/01/2014;04/03/2014;2.2560;2.2740;2.2645
USD;04/02/2014;04/04/2014;2.2622;2.2750;2.2722
USD;04/03/2014;04/07/2014;2.2759;2.2875;2.2813
USD;04/04/2014;04/08/2014;2.2340;2.2720;2.2410
USD;04/07/2014;04/09/2014;2.2120;2.2473;2.2167
USD;04/08/2014;04/10/2014;2.1945;2.2085;2.2045
USD;04/09/2014;04/11/2014;2.1910;2.2178;2.2127
USD;04/10/2014;04/14/2014;2.1840;2.2070;2.2010
USD;04/11/2014;04/15/2014;2.2015;2.2207;2.2187
USD;04/14/2014;04/16/2014;2.2080;2.2220;2.2151
USD;04/15/2014;04/17/2014;2.2124;2.2400;2.2377
USD;04/16/2014;04/22/2014;2.2245;2.2455;2.2410
USD;04/17/2014;04/23/2014;2.2370;2.2561;2.2426
USD;04/22/2014;04/24/2014;2.2385;2.2491;2.2416
USD;04/23/2014;04/25/2014;2.2227;2.2480;2.2246
USD;04/24/2014;04/28/2014;2.2140;2.2280;2.2170
USD;04/25/2014;04/29/2014;2.2255;2.2460;2.2325
USD;04/28/2014;04/30/2014;2.2247;2.2462;2.2257
USD;04/29/2014;05/02/2014;2.2100;2.2326;2.2316
USD;04/30/2014;05/05/2014;2.2260;2.2416;2.2316
USD;05/02/2014;05/06/2014;2.2154;2.2430;2.2193
USD;05/05/2014;05/07/2014;2.2220;2.2485;2.2485
USD;05/06/2014;05/08/2014;2.2240;2.2400;2.2295
USD;05/07/2014;05/09/2014;2.2180;2.2350;2.2252
USD;05/08/2014;05/12/2014;2.2005;2.2173;2.2115
USD;05/09/2014;05/13/2014;2.2140;2.2240;2.2174
USD;05/12/2014;05/14/2014;2.2107;2.2210;2.2210
USD;05/13/2014;05/15/2014;2.2068;2.2164;2.2110
USD;05/14/2014;05/16/2014;2.1990;2.2216;2.2080
USD;05/15/2014;05/19/2014;2.2079;2.2255;2.2200
USD;05/16/2014;05/20/2014;2.2075;2.2180;2.2124
USD;05/19/2014;05/21/2014;2.2055;2.2170;2.2140
USD;05/20/2014;05/22/2014;2.2100;2.2200;2.2164
USD;05/21/2014;05/23/2014;2.2076;2.2160;2.2085
USD;05/22/2014;05/27/2014;2.2044;2.2200;2.2170
USD;05/23/2014;05/28/2014;2.2143;2.2255;2.2252
USD;05/26/2014;05/28/2014;2.2185;2.2280;2.2237
USD;05/27/2014;05/29/2014;2.2280;2.2440;2.2394
USD;05/28/2014;05/30/2014;2.2310;2.2480;2.2347
USD;05/29/2014;06/02/2014;2.2180;2.2340;2.2247
USD;05/30/2014;06/03/2014;2.2260;2.2460;2.2390
USD;06/02/2014;06/04/2014;2.2530;2.2745;2.2710
USD;06/03/2014;06/05/2014;2.2580;2.2805;2.2782
USD;06/04/2014;06/06/2014;2.2700;2.2900;2.2838
USD;06/05/2014;06/09/2014;2.2615;2.2780;2.2619
USD;06/06/2014;06/10/2014;2.2399;2.2577;2.2481
USD;06/09/2014;06/11/2014;2.2250;2.2425;2.2309
USD;06/10/2014;06/12/2014;2.2239;2.2346;2.2268
USD;06/11/2014;06/13/2014;2.2255;2.2370;2.2345
USD;06/12/2014;06/16/2014;2.2270;2.2390;2.2300
USD;06/13/2014;06/17/2014;2.2250;2.2405;2.2299
USD;06/16/2014;06/18/2014;2.2270;2.2357;2.2338
USD;06/17/2014;06/20/2014;2.2315;2.2570;2.2563
USD;06/18/2014;06/23/2014;2.2285;2.2600;2.2286
USD;06/20/2014;06/24/2014;2.2280;2.2425;2.2315
USD;06/23/2014;06/25/2014;2.2155;2.2255;2.2200
USD;06/24/2014;06/26/2014;2.2160;2.2265;2.2265
USD;06/25/2014;06/27/2014;2.2000;2.2140;2.2062
USD;06/26/2014;06/30/2014;2.1980;2.2130;2.1980
USD;06/27/2014;07/01/2014;2.1901;2.2059;2.1970
USD;06/30/2014;07/02/2014;2.1950;2.2140;2.2110
USD;07/01/2014;07/03/2014;2.1980;2.2190;2.2000
USD;07/02/2014;07/07/2014;2.2043;2.2251;2.2222
USD;07/03/2014;07/08/2014;2.2107;2.2417;2.2120
USD;07/04/2014;07/08/2014;2.2120;2.2240;2.2151
USD;07/07/2014;07/09/2014;2.2110;2.2252;2.2252
USD;07/08/2014;07/10/2014;2.2110;2.2243;2.2150
USD;07/09/2014;07/11/2014;2.2070;2.2190;2.2100
USD;07/10/2014;07/14/2014;2.2170;2.2260;2.2202
USD;07/11/2014;07/15/2014;2.2192;2.2270;2.2192
USD;07/14/2014;07/16/2014;2.2110;2.2225;2.2113
USD;07/15/2014;07/17/2014;2.2110;2.2260;2.2239
USD;07/16/2014;07/18/2014;2.2120;2.2280;2.2240
USD;07/17/2014;07/21/2014;2.2275;2.2590;2.2579
USD;07/18/2014;07/22/2014;2.2259;2.4190;2.2290
USD;07/21/2014;07/23/2014;2.2186;2.2293;2.2227
USD;07/22/2014;07/24/2014;2.2085;2.2225;2.2105
USD;07/23/2014;07/25/2014;2.2145;2.2229;2.2216
USD;07/24/2014;07/28/2014;2.2168;2.2223;2.2195
USD;07/25/2014;07/29/2014;2.2255;2.2320;2.2270
USD;07/28/2014;07/30/2014;2.2215;2.2340;2.2231
USD;07/29/2014;07/31/2014;2.2241;2.2319;2.2319
USD;07/30/2014;08/01/2014;2.2325;2.2582;2.2468
USD;07/31/2014;08/04/2014;2.2532;2.2723;2.2675
USD;08/01/2014;08/05/2014;2.2500;2.2803;2.2593
USD;08/04/2014;08/06/2014;2.2485;2.2640;2.2590
USD;08/05/2014;08/07/2014;2.2640;2.2860;2.2826
USD;08/06/2014;08/08/2014;2.2719;2.2959;2.2735
USD;08/07/2014;08/11/2014;2.2744;2.2984;2.2910
USD;08/08/2014;08/12/2014;2.2823;2.3055;2.2843
USD;08/11/2014;08/13/2014;2.2720;2.2820;2.2780
USD;08/12/2014;08/14/2014;2.2730;2.2845;2.2766
USD;08/13/2014;08/15/2014;2.2629;2.2830;2.2813
USD;08/14/2014;08/18/2014;2.2661;2.2825;2.2714
USD;08/15/2014;08/19/2014;2.2604;2.2745;2.2638
USD;08/18/2014;08/20/2014;2.2540;2.2640;2.2590
USD;08/19/2014;08/21/2014;2.2471;2.2640;2.2500
USD;08/20/2014;08/22/2014;2.2500;2.2617;2.2607
USD;08/21/2014;08/25/2014;2.2536;2.2685;2.2666
USD;08/22/2014;08/26/2014;2.2705;2.2836;2.2805
USD;08/25/2014;08/27/2014;2.2760;2.2905;2.2855
USD;08/26/2014;08/28/2014;2.2620;2.2862;2.2659
USD;08/27/2014;08/29/2014;2.2525;2.2655;2.2609
USD;08/28/2014;09/02/2014;2.2380;2.2570;2.2419
USD;08/29/2014;09/03/2014;2.2346;2.2445;2.2377
USD;09/01/2014;09/03/2014;2.2323;2.2450;2.2420
USD;09/02/2014;09/04/2014;2.2432;2.2566;2.2439
USD;09/03/2014;09/05/2014;2.2290;2.2364;2.2320
USD;09/04/2014;09/08/2014;2.2320;2.2458;2.2435
USD;09/05/2014;09/09/2014;2.2350;2.2484;2.2433
USD;09/08/2014;09/10/2014;2.2400;2.2750;2.2693
USD;09/09/2014;09/11/2014;2.2720;2.2906;2.2833
USD;09/10/2014;09/12/2014;2.2868;2.3002;2.2943
USD;09/11/2014;09/15/2014;2.2820;2.2954;2.2885
USD;09/12/2014;09/16/2014;2.2990;2.3440;2.3400
USD;09/15/2014;09/17/2014;2.3300;2.3496;2.3424
USD;09/16/2014;09/18/2014;2.3195;2.3430;2.3296
USD;09/17/2014;09/19/2014;2.3275;2.3560;2.3451
USD;09/18/2014;09/22/2014;2.3590;2.3749;2.3633
USD;09/19/2014;09/23/2014;2.3530;2.3832;2.3760
USD;09/22/2014;09/24/2014;2.3820;2.3972;2.3937
USD;09/23/2014;09/25/2014;2.3890;2.4121;2.4047
USD;09/24/2014;09/26/2014;2.3840;2.4150;2.3850
USD;09/25/2014;09/29/2014;2.3960;2.4303;2.4275
USD;09/26/2014;09/30/2014;2.4128;2.4420;2.4409
USD;09/29/2014;10/01/2014;2.4440;2.4772;2.4491
USD;09/30/2014;10/02/2014;2.4452;2.4625;2.4492
USD;10/01/2014;10/03/2014;2.4520;2.4860;2.4856
USD;10/02/2014;10/06/2014;2.4710;2.4935;2.4820
USD;10/03/2014;10/07/2014;2.4650;2.5080;2.4656
USD;10/06/2014;10/08/2014;2.3805;2.4324;2.4220
USD;10/07/2014;10/09/2014;2.3920;2.4250;2.4078
USD;10/08/2014;10/10/2014;2.3760;2.4291;2.3882
USD;10/09/2014;10/14/2014;2.3625;2.3987;2.3970
USD;10/10/2014;10/15/2014;2.4040;2.4216;2.4060
USD;10/13/2014;10/15/2014;2.3811;2.3966;2.3935
USD;10/14/2014;10/16/2014;2.3937;2.4070;2.4013
USD;10/15/2014;10/17/2014;2.4090;2.4577;2.4368
USD;10/16/2014;10/20/2014;2.4570;2.5020;2.4673
USD;10/17/2014;10/21/2014;2.4323;2.4615;2.4332
USD;10/20/2014;10/22/2014;2.4410;2.4640;2.4585
USD;10/21/2014;10/23/2014;2.4640;2.5000;2.4761
USD;10/22/2014;10/24/2014;2.4700;2.4915;2.4887
USD;10/23/2014;10/27/2014;2.4906;2.5156;2.5034
USD;10/24/2014;10/28/2014;2.4550;2.5000;2.4612
USD;10/27/2014;10/29/2014;2.5130;2.5590;2.5211
USD;10/28/2014;10/30/2014;2.4716;2.5085;2.4716
USD;10/29/2014;10/31/2014;2.4285;2.4710;2.4465
USD;10/30/2014;11/03/2014;2.3961;2.4300;2.4108
USD;10/31/2014;11/04/2014;2.4020;2.4725;2.4725
USD;11/03/2014;11/05/2014;2.4570;2.5078;2.5037
USD;11/04/2014;11/06/2014;2.4940;2.5300;2.5085
USD;11/05/2014;11/07/2014;2.5080;2.5250;2.5164
USD;11/06/2014;11/10/2014;2.5120;2.5592;2.5162
USD;11/07/2014;11/12/2014;2.5521;2.5855;2.5671
USD;11/10/2014;11/13/2014;2.5320;2.5553;2.5541
USD;11/11/2014;11/13/2014;2.5554;2.5700;2.5593
USD;11/12/2014;11/14/2014;2.5385;2.5660;2.5660
USD;11/13/2014;11/17/2014;2.5620;2.5998;2.5964
USD;11/14/2014;11/18/2014;2.5930;2.6290;2.5944
USD;11/17/2014;11/19/2014;2.5827;2.6176;2.6027
USD;11/18/2014;11/20/2014;2.5874;2.6050;2.5874
USD;11/19/2014;11/21/2014;2.5707;2.5984;2.5758
USD;11/20/2014;11/24/2014;2.5360;2.5700;2.5560
USD;11/21/2014;11/25/2014;2.5129;2.5595;2.5169
USD;11/24/2014;11/26/2014;2.5021;2.5520;2.5479
USD;11/25/2014;11/28/2014;2.5180;2.5509;2.5421
USD;11/26/2014;12/01/2014;2.4960;2.5281;2.5057
USD;11/27/2014;12/01/2014;2.4970;2.5269;2.5200
USD;11/28/2014;12/02/2014;2.5400;2.5816;2.5700
USD;12/01/2014;12/03/2014;2.5461;2.5729;2.5510
USD;12/02/2014;12/04/2014;2.5585;2.5840;2.5775
USD;12/03/2014;12/05/2014;2.5510;2.5850;2.5546
USD;12/04/2014;12/08/2014;2.5658;2.5912;2.5857
USD;12/05/2014;12/09/2014;2.5750;2.6070;2.5905
USD;12/08/2014;12/10/2014;2.5895;2.6146;2.6135
USD;12/09/2014;12/11/2014;2.5892;2.6110;2.5967
USD;12/10/2014;12/12/2014;2.5860;2.6150;2.6121
USD;12/11/2014;12/15/2014;2.6153;2.6485;2.6485
USD;12/12/2014;12/16/2014;2.6470;2.6748;2.6603
USD;12/15/2014;12/17/2014;2.6555;2.6951;2.6880
USD;12/16/2014;12/18/2014;2.6945;2.7515;2.7399
USD;12/17/2014;12/19/2014;2.6935;2.7635;2.7009
USD;12/18/2014;12/22/2014;2.6473;2.7000;2.6553
USD;12/19/2014;12/23/2014;2.6400;2.6670;2.6669
USD;12/22/2014;12/23/2014;2.6450;2.6630;2.6586
USD;12/23/2014;12/26/2014;2.6565;2.7085;2.7060
USD;12/24/2014;12/29/2014;2.6810;2.6900;2.6870
USD;12/26/2014;12/30/2014;2.6750;2.6960;2.6767
USD;12/29/2014;12/30/2014;2.6709;2.7065;2.7050
USD;12/30/2014;01/02/2015;2.6468;2.7000;2.6586
